Complexity,Loss,Equation
1,0.0051419656,"-8.1073136e-5"
3,0.00509866,"(-0.030071702 * x0)"
5,0.0050986586,"((x4 - x0) * 0.030080805)"
