Complexity,Loss,Equation
1,0.0066127395,"-7.886068e-6"
3,0.0025949455,"(-0.59495795 * x2)"
5,0.0010617352,"((x0 * 0.0006831323) - x2)"
7,0.0009474376,"((0.0005908711 * x0) - (x2 * 0.87539726))"
9,0.0009465365,"((((0.0006752403 * x0) - x2) - x1) * 0.8755511)"
11,0.0009465348,"(((0.00067468634 * x0) - (x2 + x1)) * (0.874933 + x1))"
13,0.00094652525,"(((0.00067468634 * x0) - (x2 + x1)) * (0.874933 + (x1 * 2.6698022)))"
15,0.0009282944,"(((0.0005908708 * x0) - (x2 * 0.908421)) - ((-0.12460328 * x2) * (x2 * x2)))"
17,0.0009215879,"((((0.0005908708 * x0) - (x2 * 0.908421)) - ((x2 * x2) * (-0.19568543 * x2))) - x1)"
19,0.000921383,"((((0.0005908708 * x0) - (x2 * 0.908421)) - (((x2 - -0.10754491) * x2) * (-0.19568543 * x2))) - x1)"
