Complexity,Loss,Equation
1,0.0066127395,"1.5596858e-7"
3,0.0025949457,"(-0.5949504 * x2)"
5,0.0010617352,"((x0 * 0.00068313244) - x2)"
7,0.0009474375,"((x0 * 0.0005909045) - (x2 * 0.87542236))"
9,0.0009465365,"((0.0005912473 * x0) - ((x2 + x1) * 0.87556183))"
13,0.00094653486,"((((x1 - x0) * -0.00059087353) - (x2 * 0.8753986)) - (x1 * 0.830006))"
15,0.0009465294,"((((x1 - x0) * -0.00059087353) - (x2 * 0.8753986)) - (x1 * (0.830006 + x2)))"
17,0.0009366416,"((((x2 - x0) * -0.00059087353) - (x2 * 0.8753986)) - (x2 * ((x2 * x2) * -0.20526263)))"
19,0.0009304114,"((((x2 - x0) * -0.00059087353) - (x2 * 0.8753986)) - (x2 * (((x2 * x2) - 0.04278764) * -0.20526263)))"
